[{"elements":[],"id":"fbc7329b-c43d-413e-b113-f59719f41803","file_name":"Flag_colors.jpg","title":null,"size":383600,"type":"image/jpeg","url":"https://assets-eu-01.kc-usercontent.com/ac16123b-230c-0102-2627-c1937475e8c4/84bc0f67-f8af-4a8a-a66d-4db23181ff35/Flag_colors.jpg","image_width":800,"image_height":532,"file_reference":{"id":"84bc0f67-f8af-4a8a-a66d-4db23181ff35","type":"internal"},"descriptions":[{"language":{"id":"00000000-0000-0000-0000-000000000000"},"description":null}],"last_modified":"2022-04-26T18:56:47.6467656Z"},{"elements":[],"id":"e239f882-c15e-48c7-8244-e0cdf22da0fa","file_name":"tunnel-of-love.JPG","title":null,"size":1109964,"type":"image/jpeg","url":"https://assets-eu-01.kc-usercontent.com/ac16123b-230c-0102-2627-c1937475e8c4/74392a3e-a42f-49ed-a202-2651c3c776ef/tunnel-of-love.JPG","image_width":1920,"image_height":1440,"file_reference":{"id":"74392a3e-a42f-49ed-a202-2651c3c776ef","type":"internal"},"descriptions":[{"language":{"id":"00000000-0000-0000-0000-000000000000"},"description":null}],"last_modified":"2022-04-26T18:57:38.3120803Z"},{"elements":[],"id":"e927fee9-0c78-4ac6-9886-d5e51b35cb70","file_name":"hawkseyerock.webp","title":null,"size":380512,"type":"image/webp","url":"https://assets-eu-01.kc-usercontent.com/ac16123b-230c-0102-2627-c1937475e8c4/39b2e463-56c6-4fd5-bfab-566b29ce5bc1/hawkseyerock.webp","image_width":1440,"image_height":807,"file_reference":{"id":"39b2e463-56c6-4fd5-bfab-566b29ce5bc1","type":"internal"},"descriptions":[{"language":{"id":"00000000-0000-0000-0000-000000000000"},"description":null}],"last_modified":"2022-04-26T19:02:49.7317176Z"}]