[{"id":"ea209a92-1380-42b4-a35d-4f144598230c","codename":"_component__hero","last_modified":"2022-04-26T18:25:23.3203195Z","name":"[Component] Hero","content_groups":[],"elements":[{"maximum_text_length":null,"validation_regex":null,"name":"Headline","guidelines":null,"is_required":true,"type":"text","id":"9e40e8e4-09d3-4f36-b7a0-82ab164b4eac","codename":"headline","is_non_localizable":false},{"maximum_text_length":null,"validation_regex":null,"name":"Subheadline","guidelines":null,"is_required":true,"type":"text","id":"bf918056-8ed0-4091-9f06-291eeb992be1","codename":"subheadline","is_non_localizable":false},{"maximum_text_length":null,"validation_regex":null,"name":"CTA text","guidelines":null,"is_required":true,"type":"text","id":"7c4dee35-1075-48c4-b6bd-fba9170e3ea2","codename":"cta_text","is_non_localizable":false},{"maximum_text_length":null,"validation_regex":{"regex":"^(https?:\\/\\/(?:www\\.|(?!www)))?[a-z0-9]+([\\-\\.]{1}[a-z0-9]+)*\\.[a-z]{2,5}(:[0-9]{1,5})?(\\/\\S*)?$","flags":null,"validation_message":"Type a valid web URL, such as https://example.org","is_active":true},"name":"CTA link","guidelines":null,"is_required":true,"type":"text","id":"2417a0ec-4afd-4b22-82f6-edf479d6d83c","codename":"cta_link","is_non_localizable":false},{"asset_count_limit":{"value":1,"condition":"exactly"},"maximum_file_size":null,"allowed_file_types":"any","image_width_limit":null,"image_height_limit":null,"name":"Image","guidelines":null,"is_required":true,"type":"asset","id":"b7e982f5-1111-41dd-b36a-42f2999efed2","codename":"image","is_non_localizable":false}]},{"id":"4b7484c3-c380-4f41-b607-86093b6c54c6","codename":"_component__cta","last_modified":"2022-04-26T18:27:26.2850554Z","name":"[Component] CTA","content_groups":[],"elements":[{"maximum_text_length":null,"validation_regex":null,"name":"Headline","guidelines":null,"is_required":true,"type":"text","id":"7f501c35-f4ed-478f-897e-0a0205b2161f","codename":"headline","is_non_localizable":false},{"maximum_text_length":null,"validation_regex":null,"name":"Subheadline","guidelines":null,"is_required":true,"type":"text","id":"d3cfed29-a45c-4852-9177-97eb36238f83","codename":"subheadline","is_non_localizable":false},{"maximum_text_length":null,"validation_regex":null,"name":"Button text","guidelines":null,"is_required":true,"type":"text","id":"8f242c71-64d6-40aa-b180-8634f5755508","codename":"button_text","is_non_localizable":false},{"maximum_text_length":null,"validation_regex":{"regex":"^(https?:\\/\\/(?:www\\.|(?!www)))?[a-z0-9]+([\\-\\.]{1}[a-z0-9]+)*\\.[a-z]{2,5}(:[0-9]{1,5})?(\\/\\S*)?$","flags":null,"validation_message":"Type a valid web URL, such as https://example.org","is_active":true},"name":"Button link","guidelines":null,"is_required":true,"type":"text","id":"055c73c3-c0ed-486a-b191-4e06ad786ebc","codename":"button_link","is_non_localizable":false}]},{"id":"b2f9420e-cb0d-4a1c-8aba-c96d70ddda9c","codename":"_component__text_with_image","last_modified":"2022-04-26T18:26:21.7775606Z","name":"[Component] Text with image","content_groups":[],"elements":[{"maximum_text_length":null,"validation_regex":null,"name":"Headline","guidelines":null,"is_required":true,"type":"text","id":"be01186e-aeb0-4b2f-ae0b-4c5e5c5ebb62","codename":"headline","is_non_localizable":false},{"maximum_text_length":null,"maximum_image_size":null,"allowed_content_types":[],"image_width_limit":null,"image_height_limit":null,"allowed_image_types":"any","allowed_blocks":["text"],"allowed_formatting":[],"allowed_text_blocks":[],"allowed_table_blocks":[],"allowed_table_formatting":[],"allowed_table_text_blocks":[],"name":"Text","guidelines":null,"is_required":true,"type":"rich_text","id":"6d708135-b619-4682-b006-3fd0d4b2f577","codename":"text","is_non_localizable":false},{"asset_count_limit":{"value":1,"condition":"exactly"},"maximum_file_size":null,"allowed_file_types":"any","image_width_limit":null,"image_height_limit":null,"name":"Image","guidelines":null,"is_required":false,"type":"asset","id":"7d87b5b5-e3ea-4f0d-aad9-965d31ec7527","codename":"image","is_non_localizable":false}]},{"id":"d82126c2-35a9-49c8-917e-136f1c9f0c56","codename":"landing_page","last_modified":"2022-04-26T18:54:30.9019716Z","name":"Landing page","content_groups":[],"elements":[{"maximum_text_length":null,"validation_regex":null,"name":"Title","guidelines":null,"is_required":true,"type":"text","id":"bc4cc347-f300-467b-b3ea-56f2297e4f20","codename":"title","is_non_localizable":false},{"maximum_text_length":null,"maximum_image_size":null,"allowed_content_types":[{"id":"4b7484c3-c380-4f41-b607-86093b6c54c6"},{"id":"ea209a92-1380-42b4-a35d-4f144598230c"},{"id":"b2f9420e-cb0d-4a1c-8aba-c96d70ddda9c"}],"image_width_limit":null,"image_height_limit":null,"allowed_image_types":"any","allowed_blocks":["text","components-and-items"],"allowed_formatting":[],"allowed_text_blocks":[],"allowed_table_blocks":[],"allowed_table_formatting":[],"allowed_table_text_blocks":[],"name":"Content","guidelines":null,"is_required":false,"type":"rich_text","id":"7227f38d-5502-45aa-a6af-f269700a68bf","codename":"content","is_non_localizable":false},{"depends_on":{"element":{"id":"bc4cc347-f300-467b-b3ea-56f2297e4f20"}},"validation_regex":null,"name":"URL slug","guidelines":null,"is_required":true,"type":"url_slug","id":"1be03ec0-a8ef-4d4c-b256-6daabcb9ee06","codename":"url_slug","is_non_localizable":false}]}]