[{"id":"60d2f68d-9a51-444b-895e-a0671e15710d","name":"Marketer's landing page","codename":"marketer_s_landing_page","type":{"id":"d82126c2-35a9-49c8-917e-136f1c9f0c56"},"collection":{"id":"00000000-0000-0000-0000-000000000000"},"sitemap_locations":[],"last_modified":"2022-04-26T18:55:13.8791358Z"},{"id":"569e3edc-9e3e-47f9-ba16-cadbbf6ec521","name":"[CTA] Visit Ukraine's travel website","codename":"untitled_content_item","type":{"id":"4b7484c3-c380-4f41-b607-86093b6c54c6"},"collection":{"id":"00000000-0000-0000-0000-000000000000"},"sitemap_locations":[],"last_modified":"2022-04-26T18:59:22.8264176Z"},{"id":"e2ddaa58-0a4b-4d1c-86d5-94932d2e03b1","name":"Hawk's eye rock","codename":"hawk_s_eye_rock","type":{"id":"d82126c2-35a9-49c8-917e-136f1c9f0c56"},"collection":{"id":"00000000-0000-0000-0000-000000000000"},"sitemap_locations":[],"last_modified":"2022-04-26T19:02:04.4559985Z"}]