[{"elements":[{"element":{"id":"bc4cc347-f300-467b-b3ea-56f2297e4f20"},"value":"Marketer's Landing Page"},{"components":[{"id":"da421cff-c17b-4621-86d1-1f7b70870dca","type":{"id":"ea209a92-1380-42b4-a35d-4f144598230c"},"elements":[{"element":{"id":"9e40e8e4-09d3-4f36-b7a0-82ab164b4eac"},"value":"Wonderful country with beautiful nature"},{"element":{"id":"bf918056-8ed0-4091-9f06-291eeb992be1"},"value":"Ukraine's national colors refer to its golden fields and blue sky"},{"element":{"id":"7c4dee35-1075-48c4-b6bd-fba9170e3ea2"},"value":"Show me more"},{"element":{"id":"2417a0ec-4afd-4b22-82f6-edf479d6d83c"},"value":"https://www.google.com/search?q=ukraine+nature"},{"element":{"id":"b7e982f5-1111-41dd-b36a-42f2999efed2"},"value":[{"renditions":[],"id":"fbc7329b-c43d-413e-b113-f59719f41803"}]}]},{"id":"59a9a606-e116-47c7-8d0f-17e760f7f10c","type":{"id":"b2f9420e-cb0d-4a1c-8aba-c96d70ddda9c"},"elements":[{"element":{"id":"be01186e-aeb0-4b2f-ae0b-4c5e5c5ebb62"},"value":"The tunnel of love"},{"components":[],"element":{"id":"6d708135-b619-4682-b006-3fd0d4b2f577"},"value":"<p>The Tunnel of Love is a section of industrial railway located near Klevan, Ukraine, that links it with Orzhiv. It is a railway surrounded by green arches and is three to five kilometers in length. It is known for being a favorite place for couples to take walks.</p>\n<p>Make sure to also check out Hawk's Eye Rock.</p>"},{"element":{"id":"7d87b5b5-e3ea-4f0d-aad9-965d31ec7527"},"value":[{"renditions":[],"id":"e239f882-c15e-48c7-8244-e0cdf22da0fa"}]}]}],"element":{"id":"7227f38d-5502-45aa-a6af-f269700a68bf"},"value":"<object type=\"application/kenticocloud\" data-type=\"component\" data-id=\"da421cff-c17b-4621-86d1-1f7b70870dca\"></object>\n<object type=\"application/kenticocloud\" data-type=\"component\" data-id=\"59a9a606-e116-47c7-8d0f-17e760f7f10c\"></object>\n<object type=\"application/kenticocloud\" data-type=\"item\" data-id=\"569e3edc-9e3e-47f9-ba16-cadbbf6ec521\"></object>"},{"mode":"autogenerated","element":{"id":"1be03ec0-a8ef-4d4c-b256-6daabcb9ee06"},"value":"marketer-s-landing-page"}],"workflow_step":{"id":"c199950d-99f0-4983-b711-6c4c91624b22"},"workflow":{"workflow_identifier":{"id":"00000000-0000-0000-0000-000000000000"},"step_identifier":{"id":"c199950d-99f0-4983-b711-6c4c91624b22"}},"item":{"id":"60d2f68d-9a51-444b-895e-a0671e15710d"},"language":{"id":"00000000-0000-0000-0000-000000000000"},"last_modified":"2022-04-26T18:59:01.2900944Z"},{"elements":[{"element":{"id":"7f501c35-f4ed-478f-897e-0a0205b2161f"},"value":"Check out Ukraine's nature"},{"element":{"id":"d3cfed29-a45c-4852-9177-97eb36238f83"},"value":"Help Ukraine preserve its nature wonders"},{"element":{"id":"8f242c71-64d6-40aa-b180-8634f5755508"},"value":"Take me there"},{"element":{"id":"055c73c3-c0ed-486a-b191-4e06ad786ebc"},"value":"https://ukraine.ua/visit/discover-natural-wonders/"}],"workflow_step":{"id":"c199950d-99f0-4983-b711-6c4c91624b22"},"workflow":{"workflow_identifier":{"id":"00000000-0000-0000-0000-000000000000"},"step_identifier":{"id":"c199950d-99f0-4983-b711-6c4c91624b22"}},"item":{"id":"569e3edc-9e3e-47f9-ba16-cadbbf6ec521"},"language":{"id":"00000000-0000-0000-0000-000000000000"},"last_modified":"2022-04-26T18:58:59.4960015Z"},{"elements":[{"element":{"id":"bc4cc347-f300-467b-b3ea-56f2297e4f20"},"value":"Hawk's Eye Rock"},{"components":[{"id":"c37a1f68-2f71-4b26-9f71-08dfcf7aab2c","type":{"id":"ea209a92-1380-42b4-a35d-4f144598230c"},"elements":[{"element":{"id":"9e40e8e4-09d3-4f36-b7a0-82ab164b4eac"},"value":"Hawk's Eye Rock"},{"element":{"id":"bf918056-8ed0-4091-9f06-291eeb992be1"},"value":"Shaped in a form of an arch and resembling an eye"},{"element":{"id":"7c4dee35-1075-48c4-b6bd-fba9170e3ea2"},"value":"Show me more"},{"element":{"id":"2417a0ec-4afd-4b22-82f6-edf479d6d83c"},"value":"https://theculturetrip.com/europe/ukraine/articles/11-ways-to-explore-the-ukrainian-wilderness/"},{"element":{"id":"b7e982f5-1111-41dd-b36a-42f2999efed2"},"value":[{"renditions":[],"id":"e927fee9-0c78-4ac6-9886-d5e51b35cb70"}]}]}],"element":{"id":"7227f38d-5502-45aa-a6af-f269700a68bf"},"value":"<object type=\"application/kenticocloud\" data-type=\"component\" data-id=\"c37a1f68-2f71-4b26-9f71-08dfcf7aab2c\"></object>\n<object type=\"application/kenticocloud\" data-type=\"item\" data-id=\"569e3edc-9e3e-47f9-ba16-cadbbf6ec521\"></object>"},{"mode":"autogenerated","element":{"id":"1be03ec0-a8ef-4d4c-b256-6daabcb9ee06"},"value":"hawk-s-eye-rock"}],"workflow_step":{"id":"c199950d-99f0-4983-b711-6c4c91624b22"},"workflow":{"workflow_identifier":{"id":"00000000-0000-0000-0000-000000000000"},"step_identifier":{"id":"c199950d-99f0-4983-b711-6c4c91624b22"}},"item":{"id":"e2ddaa58-0a4b-4d1c-86d5-94932d2e03b1"},"language":{"id":"00000000-0000-0000-0000-000000000000"},"last_modified":"2022-04-26T19:03:08.8695389Z"}]